sys.exec.out.time {s},vehicle.dyn_body.grav_interaction.grav_pot {m2/s2},vehicle.dyn_body.grav_interaction.grav_accel[0] {m/s2},vehicle.dyn_body.grav_interaction.grav_accel[1] {m/s2},vehicle.dyn_body.grav_interaction.grav_accel[2] {m/s2},vehicle.dyn_body.composite_body.state.trans.position[0] {m},vehicle.dyn_body.composite_body.state.trans.position[1] {m},vehicle.dyn_body.composite_body.state.trans.position[2] {m}
                   0,   58908597.80559717,   5.513978457816486,  -1.226857697152695,  -6.620557498749319,         -4292653.41,           955168.47,          5139356.57
                   1,   53346272.25214996,  -6.896405135975418,-0.01816912198929226,  -1.855999280727087,   7218634.798289895,   18998.64159785956,   1938152.473366886
                   2,   53346195.80388758,   6.896336787430112,-0.01812170195363711,   -1.85605387366793,  -7218634.798289895,   18998.64159785956,   1938152.473366886
                   3,   53346194.72486015,   6.896336669305437, 0.01817849766546527,  -1.856053428009526,  -7218634.798289895,  -18998.64159785956,   1938152.473366886
                   4,   53346348.38993748,   6.896461906674234, 0.01821455600489722,   1.856021387246724,  -7218634.798289895,  -18998.64159785956,  -1938152.473366886
                   5,   53346350.80331156,   6.896463663957428,-0.01808753348648805,    1.85602180947678,  -7218634.798289895,   18998.64159785956,  -1938152.473366886
